<?xml version="1.0" encoding="UTF-8"?>

<channel name="xfce4-desktop" version="1.0">
  <property name="backdrop" type="empty">
    <property name="screen0" type="empty">
      <property name="monitor0" type="empty">
        <property name="workspace0" type="empty">
          <property name="color-style" type="int" value="0"/>
          <property name="image-style" type="int" value="4"/>
          <property name="last-image" type="string" value="/headless/.config/bg_image.png"/>
        </property>
        <property name="workspace1" type="empty">
          <property name="color-style" type="int" value="0"/>
          <property name="image-style" type="int" value="4"/>
          <property name="last-image" type="string" value="/headless/.config/bg_image.png"/>
        </property>
        <property name="workspace2" type="empty">
          <property name="color-style" type="int" value="0"/>
          <property name="image-style" type="int" value="4"/>
          <property name="last-image" type="string" value="/headless/.config/bg_image.png"/>
        </property>
        <property name="workspace3" type="empty">
          <property name="color-style" type="int" value="0"/>
          <property name="image-style" type="int" value="4"/>
          <property name="last-image" type="string" value="/headless/.config/bg_image.png"/>
        </property>
        <property name="image-path" type="string" value="/headless/.config/bg_image.png"/>
        <property name="image-show" type="bool" value="true"/>
        <property name="image-style" type="int" value="0"/>
      </property>
    </property>
  </property>
  <property name="last" type="empty">
    <property name="window-width" type="int" value="1280"/>
    <property name="window-height" type="int" value="1024"/>
  </property>
</channel>
